elapsed_s,allocated_gb,reserved_gb,phase
0.0,0.0,0.0,init
0.5,0.0,0.0,model_load_cpu
1.01,0.0,0.0,model_load_cpu
1.51,0.0,0.0,model_load_cpu
2.01,0.0,0.0,model_load_cpu
2.51,0.0,0.0,model_load_cpu
3.02,0.0,0.0,model_load_cpu
3.52,0.0,0.0,model_load_cpu
4.02,0.0,0.0,model_load_cpu
4.52,0.0,0.0,model_load_cpu
5.05,0.0,0.0,model_load_cpu
5.55,0.0,0.0,model_load_cpu
6.05,0.0,0.0,model_load_cpu
6.55,0.0,0.0,model_load_cpu
7.14,0.0,0.0,model_load_cpu
7.64,0.0,0.0,model_load_cpu
8.14,0.0,0.0,model_load_cpu
8.65,0.0,0.0,model_load_cpu
9.2,0.0,0.0,model_load_cpu
9.7,0.0,0.0,model_load_cpu
10.2,0.0,0.0,model_load_cpu
10.71,0.0,0.0,model_load_cpu
11.21,0.0,0.0,model_load_cpu
11.71,0.0,0.0,model_load_cpu
11.72,0.0,0.0,model_load_cpu
12.22,0.0,0.0,model_load_cpu
12.72,0.0,0.0,model_load_cpu
13.23,0.0,0.0,model_load_cpu
13.73,0.0,0.0,model_to_cuda
14.23,0.361,0.373,model_to_cuda
14.73,0.738,0.764,model_to_cuda
15.23,0.825,0.844,model_to_cuda
15.73,0.9,0.92,model_to_cuda
16.23,1.01,1.031,model_to_cuda
16.73,1.049,1.072,model_to_cuda
17.23,2.272,2.297,model_to_cuda
17.74,2.272,2.297,model_to_cuda
18.24,2.272,2.297,model_to_cuda
18.75,2.272,2.297,model_to_cuda
19.25,2.272,2.297,model_to_cuda
19.75,2.272,2.297,model_to_cuda
20.25,2.272,2.297,model_to_cuda
20.75,2.272,2.297,model_to_cuda
21.25,2.272,2.297,model_to_cuda
21.75,2.272,2.297,model_to_cuda
22.25,2.272,2.297,model_to_cuda
22.76,2.272,2.297,model_to_cuda
23.26,2.272,2.297,model_to_cuda
23.76,2.272,2.297,model_to_cuda
24.26,2.35,2.379,model_to_cuda
24.76,2.444,2.473,model_to_cuda
25.26,2.632,2.66,model_to_cuda
25.76,2.71,2.742,model_to_cuda
26.26,2.803,2.836,model_to_cuda
26.76,2.897,2.93,model_to_cuda
27.26,3.022,3.055,model_to_cuda
27.76,3.163,3.199,model_to_cuda
28.26,3.257,3.293,model_to_cuda
28.77,3.35,3.387,model_to_cuda
29.27,3.522,3.562,model_to_cuda
29.77,3.616,3.656,model_to_cuda
30.27,3.741,3.781,model_to_cuda
30.77,3.882,3.926,model_to_cuda
31.27,3.975,4.02,model_to_cuda
31.77,4.069,4.113,model_to_cuda
32.27,4.147,4.195,model_to_cuda
32.78,4.335,4.383,model_to_cuda
33.28,4.335,4.383,model_to_cuda
33.78,4.507,4.559,model_to_cuda
34.28,4.6,4.652,model_to_cuda
34.78,4.694,4.746,model_to_cuda
35.28,4.819,4.871,model_to_cuda
35.78,5.054,5.109,model_to_cuda
36.28,5.319,5.379,model_to_cuda
36.78,5.585,5.648,model_to_cuda
37.28,5.866,5.93,model_to_cuda
37.79,6.132,6.199,model_to_cuda
38.29,6.397,6.469,model_to_cuda
38.79,6.616,6.688,model_to_cuda
39.29,6.757,6.832,model_to_cuda
39.79,6.975,7.051,model_to_cuda
40.29,7.21,7.289,model_to_cuda
40.79,7.343,7.434,model_to_cuda
41.29,7.569,7.652,model_to_cuda
41.79,7.71,7.797,model_to_cuda
42.29,7.929,8.016,model_to_cuda
42.8,8.061,8.16,model_to_cuda
43.3,8.288,8.379,model_to_cuda
43.8,8.554,8.648,model_to_cuda
44.3,8.913,9.012,model_to_cuda
44.8,9.179,9.281,model_to_cuda
45.3,9.46,9.562,model_to_cuda
45.8,9.819,9.926,model_to_cuda
46.3,10.085,10.195,model_to_cuda
46.8,10.351,10.465,model_to_cuda
47.3,10.71,10.828,model_to_cuda
47.8,11.069,11.191,model_to_cuda
48.3,11.163,11.285,model_to_cuda
48.8,11.163,11.285,model_to_cuda
49.3,11.335,11.461,model_to_cuda
49.8,11.523,11.648,model_to_cuda
50.3,11.655,11.793,model_to_cuda
50.8,11.882,12.012,model_to_cuda
51.3,12.007,12.137,model_to_cuda
51.8,12.148,12.281,model_to_cuda
52.3,12.335,12.469,model_to_cuda
52.81,12.507,12.645,model_to_cuda
53.31,12.694,12.832,model_to_cuda
53.81,12.866,13.008,model_to_cuda
54.31,12.96,13.102,model_to_cuda
54.81,13.226,13.371,model_to_cuda
55.31,13.445,13.59,model_to_cuda
55.81,13.679,13.828,model_to_cuda
56.31,13.773,13.922,model_to_cuda
56.81,13.945,14.098,model_to_cuda
57.31,14.132,14.285,model_to_cuda
57.81,14.304,14.461,model_to_cuda
58.31,14.491,14.648,model_to_cuda
58.82,14.757,14.918,model_to_cuda
59.32,14.898,15.062,model_to_cuda
59.82,15.116,15.281,model_to_cuda
60.32,16.398,16.564,model_to_cuda
60.82,16.398,16.564,model_to_cuda
61.33,16.398,16.564,model_to_cuda
61.83,16.398,16.564,model_to_cuda
62.33,16.398,16.564,model_to_cuda
62.83,16.398,16.564,model_to_cuda
63.33,16.516,16.684,model_to_cuda
63.84,16.838,17.008,model_to_cuda
64.34,17.247,17.418,model_to_cuda
64.84,17.601,17.775,model_to_cuda
65.34,17.986,18.166,model_to_cuda
65.84,18.371,18.557,model_to_cuda
66.34,18.607,18.795,model_to_cuda
66.84,18.875,19.066,model_to_cuda
67.34,19.134,19.324,model_to_cuda
67.85,19.433,19.629,model_to_cuda
68.35,19.669,19.867,model_to_cuda
68.85,19.904,20.105,model_to_cuda
69.35,20.14,20.344,model_to_cuda
69.85,20.408,20.615,model_to_cuda
70.35,20.612,20.82,model_to_cuda
70.85,20.646,20.875,input_preparation
71.35,20.646,20.875,input_preparation
71.86,20.646,20.875,input_preparation
72.83,20.646,20.875,input_preparation
73.34,20.646,20.875,input_preparation
73.84,20.646,20.875,input_preparation
74.34,20.646,20.875,input_preparation
74.98,20.646,20.875,input_preparation
75.48,20.713,20.941,vlm_inference
75.98,20.892,21.121,vlm_inference
76.03,20.795,21.121,vlm_inference
76.53,20.795,21.121,vlm_inference
77.03,20.795,21.121,vlm_inference
77.54,20.795,21.121,vlm_inference
78.04,20.795,21.121,vlm_inference
78.54,20.819,21.32,vlm_inference
79.04,20.988,21.32,vlm_inference
79.54,21.013,21.574,vlm_inference
80.04,21.097,21.574,vlm_inference
80.54,21.012,21.625,vlm_inference
81.05,21.012,21.625,vlm_inference
81.55,21.011,21.625,vlm_inference
82.05,21.011,21.625,vlm_inference
82.55,21.011,21.625,vlm_inference
83.05,21.011,21.625,vlm_inference
83.55,21.011,21.625,vlm_inference
84.05,21.012,21.625,vlm_inference
84.55,21.012,21.625,vlm_inference
85.05,21.012,21.625,vlm_inference
85.56,21.012,21.625,vlm_inference
86.06,21.012,21.625,vlm_inference
86.56,21.012,21.625,vlm_inference
87.06,21.011,21.625,vlm_inference
87.56,21.011,21.625,vlm_inference
88.06,21.011,21.625,vlm_inference
88.57,21.011,21.625,vlm_inference
89.07,21.012,21.625,vlm_inference
89.57,21.012,21.625,vlm_inference
90.07,21.012,21.625,vlm_inference
90.57,21.012,21.625,vlm_inference
91.07,21.012,21.625,vlm_inference
91.57,21.012,21.625,vlm_inference
92.07,21.011,21.625,vlm_inference
92.57,21.011,21.625,vlm_inference
93.08,21.011,21.625,vlm_inference
93.58,21.034,21.625,vlm_inference
94.08,21.034,21.625,vlm_inference
94.58,21.034,21.625,vlm_inference
95.08,21.034,21.625,vlm_inference
95.58,21.033,21.625,vlm_inference
96.08,21.033,21.625,vlm_inference
96.58,21.033,21.625,vlm_inference
97.08,21.033,21.625,vlm_inference
97.59,21.033,21.625,vlm_inference
98.09,21.033,21.625,vlm_inference
98.59,21.033,21.625,vlm_inference
99.09,21.034,21.625,vlm_inference
99.59,21.034,21.625,vlm_inference
100.09,21.034,21.625,vlm_inference
100.59,21.033,21.625,vlm_inference
101.1,21.033,21.625,vlm_inference
101.6,21.033,21.625,vlm_inference
102.1,21.033,21.625,vlm_inference
102.6,21.033,21.625,vlm_inference
103.1,21.033,21.625,vlm_inference
103.6,21.034,21.625,vlm_inference
104.1,21.034,21.625,vlm_inference
104.6,21.034,21.625,vlm_inference
105.1,21.033,21.625,vlm_inference
105.6,21.033,21.625,vlm_inference
106.11,21.033,21.625,vlm_inference
106.61,21.033,21.625,vlm_inference
107.11,21.055,21.625,vlm_inference
107.61,21.055,21.625,vlm_inference
107.66,21.055,21.625,vlm_inference
108.16,21.055,21.625,vlm_inference
108.67,21.056,21.625,vlm_inference
109.17,21.056,21.625,vlm_inference
109.67,21.056,21.625,vlm_inference
110.17,21.055,21.625,vlm_inference
110.68,21.055,21.625,vlm_inference
111.18,21.055,21.625,vlm_inference
111.68,21.056,21.625,vlm_inference
112.18,21.056,21.625,vlm_inference
112.69,21.056,21.625,vlm_inference
113.19,21.055,21.625,vlm_inference
113.7,21.055,21.625,vlm_inference
114.2,21.055,21.625,vlm_inference
114.7,21.055,21.625,vlm_inference
115.21,21.056,21.625,vlm_inference
115.71,21.056,21.625,vlm_inference
116.21,21.056,21.625,vlm_inference
116.72,21.055,21.625,vlm_inference
117.22,21.055,21.625,vlm_inference
117.72,21.055,21.625,vlm_inference
118.22,21.056,21.625,vlm_inference
118.73,21.056,21.625,vlm_inference
119.23,21.056,21.625,vlm_inference
119.73,21.056,21.625,vlm_inference
120.23,21.077,21.625,vlm_inference
120.75,21.077,21.625,vlm_inference
121.25,21.077,21.625,vlm_inference
121.75,21.077,21.625,vlm_inference
122.25,21.077,21.625,vlm_inference
122.76,21.077,21.625,vlm_inference
123.26,20.865,21.625,vlm_inference
123.76,20.865,21.625,vlm_inference
124.26,20.865,21.625,vlm_inference
124.76,20.844,21.625,vlm_inference
125.26,20.832,21.889,vlm_inference
125.76,20.879,21.891,vlm_inference
126.27,20.914,21.891,vlm_inference
126.77,21.029,21.891,vlm_inference
127.27,21.029,21.891,vlm_inference
127.77,20.868,21.891,vlm_inference
128.27,20.868,21.891,vlm_inference
128.77,20.879,21.891,vlm_inference
129.27,20.879,21.891,vlm_inference
129.77,20.879,21.891,vlm_inference
130.27,20.879,21.891,vlm_inference
130.77,20.879,21.891,vlm_inference
131.27,20.879,21.891,vlm_inference
131.78,20.879,21.891,vlm_inference
132.28,20.879,21.891,vlm_inference
132.78,20.891,21.891,vlm_inference
133.28,20.891,21.891,vlm_inference
133.78,20.891,21.891,vlm_inference
134.28,20.891,21.891,vlm_inference
134.78,20.891,21.891,vlm_inference
135.28,21.189,21.891,vlm_inference
135.78,21.189,21.891,vlm_inference
136.29,21.177,21.891,vlm_inference
136.79,21.212,21.891,vlm_inference
137.29,21.223,21.891,vlm_inference
137.79,21.154,21.891,vlm_inference
138.29,21.16,21.891,vlm_inference
138.79,21.166,21.891,vlm_inference
139.3,21.223,21.891,vlm_inference
139.8,21.235,21.891,vlm_inference
139.85,21.166,21.891,vlm_inference
140.35,21.171,21.891,vlm_inference
140.85,21.2,21.891,vlm_inference
141.36,21.235,21.891,vlm_inference
141.86,21.246,21.891,vlm_inference
142.36,21.177,21.891,vlm_inference
142.86,21.183,21.891,vlm_inference
143.36,21.212,21.891,vlm_inference
143.86,21.257,21.891,vlm_inference
144.36,21.257,21.891,vlm_inference
144.87,21.326,21.891,vlm_inference
145.37,21.206,21.891,vlm_inference
145.87,21.257,21.891,vlm_inference
146.37,21.269,21.891,vlm_inference
146.87,21.247,21.891,vlm_inference
147.37,21.206,21.891,vlm_inference
147.87,21.235,21.891,vlm_inference
148.38,21.269,21.891,vlm_inference
148.88,21.281,21.891,vlm_inference
149.38,21.212,21.891,vlm_inference
149.88,21.218,21.891,vlm_inference
150.38,21.247,21.891,vlm_inference
150.88,21.281,21.891,vlm_inference
151.38,21.292,21.891,vlm_inference
151.88,21.224,21.891,vlm_inference
152.39,21.229,21.891,vlm_inference
152.89,21.258,21.891,vlm_inference
153.39,21.304,21.891,vlm_inference
153.89,21.304,21.891,vlm_inference
154.39,21.373,21.891,vlm_inference
154.89,21.252,21.891,vlm_inference
155.39,21.269,21.891,vlm_inference
155.89,21.315,21.891,vlm_inference
156.39,21.278,21.891,vlm_inference
156.89,21.292,21.891,vlm_inference
157.39,21.258,21.891,vlm_inference
157.89,21.315,21.891,vlm_inference
158.4,21.327,21.891,vlm_inference
158.9,21.258,21.891,vlm_inference
159.4,21.264,21.891,vlm_inference
159.9,21.292,21.891,vlm_inference
160.4,21.327,21.891,vlm_inference
160.9,21.338,21.891,vlm_inference
161.4,21.338,21.891,vlm_inference
161.9,21.287,21.891,vlm_inference
162.4,21.304,21.891,vlm_inference
162.91,21.338,21.891,vlm_inference
163.41,21.35,21.891,vlm_inference
163.91,21.281,21.891,vlm_inference
164.41,21.287,21.891,vlm_inference
164.91,21.315,21.891,vlm_inference
165.41,21.35,21.891,vlm_inference
165.91,21.361,21.891,vlm_inference
166.41,21.304,21.891,vlm_inference
166.91,21.338,21.891,vlm_inference
167.41,21.321,21.891,vlm_inference
167.91,21.361,21.891,vlm_inference
168.42,21.373,21.891,vlm_inference
168.92,21.342,21.891,vlm_inference
169.42,21.327,21.891,vlm_inference
169.92,21.321,21.891,vlm_inference
170.42,21.35,21.891,vlm_inference
170.92,21.384,21.891,vlm_inference
171.43,21.347,21.891,vlm_inference
171.93,21.361,21.891,vlm_inference
171.98,21.157,21.891,vlm_inference
172.48,21.157,21.891,vlm_inference
172.98,21.157,21.891,vlm_inference
173.49,21.157,21.891,vlm_inference
173.99,21.157,21.891,vlm_inference
174.49,21.157,21.891,vlm_inference
175.0,21.157,21.891,vlm_inference
175.5,21.157,21.891,vlm_inference
176.0,21.157,21.891,vlm_inference
176.5,21.157,21.891,vlm_inference
177.0,21.157,21.891,vlm_inference
177.51,21.157,21.891,vlm_inference
178.01,21.157,21.891,vlm_inference
178.51,21.157,21.891,vlm_inference
179.02,21.157,21.891,vlm_inference
179.52,21.157,21.891,vlm_inference
180.02,21.157,21.891,vlm_inference
180.52,21.157,21.891,vlm_inference
181.03,21.157,21.891,vlm_inference
181.53,21.157,21.891,vlm_inference
182.03,21.157,21.891,vlm_inference
182.53,21.157,21.891,vlm_inference
183.03,21.157,21.891,vlm_inference
183.53,21.157,21.891,vlm_inference
184.03,21.157,21.891,vlm_inference
184.54,21.157,21.891,vlm_inference
185.04,21.157,21.891,vlm_inference
185.54,21.157,21.891,vlm_inference
186.04,21.157,21.891,vlm_inference
186.54,21.157,21.891,vlm_inference
187.04,21.157,21.891,vlm_inference
187.54,21.157,21.891,vlm_inference
188.04,21.157,21.891,vlm_inference
188.54,21.157,21.891,vlm_inference
189.05,21.157,21.891,vlm_inference
189.55,21.157,21.891,vlm_inference
190.05,21.157,21.891,vlm_inference
190.55,21.157,21.891,vlm_inference
191.05,21.157,21.891,vlm_inference
191.55,21.157,21.891,vlm_inference
192.06,21.157,21.891,vlm_inference
192.56,21.157,21.891,vlm_inference
193.06,21.157,21.891,vlm_inference
193.56,21.157,21.891,vlm_inference
194.06,21.157,21.891,vlm_inference
194.56,21.157,21.891,vlm_inference
195.06,21.157,21.891,vlm_inference
195.57,21.157,21.891,vlm_inference
196.07,21.157,21.891,vlm_inference
196.57,21.157,21.891,vlm_inference
197.08,21.157,21.891,vlm_inference
197.58,21.157,21.891,vlm_inference
198.08,21.157,21.891,vlm_inference
198.58,21.157,21.891,vlm_inference
199.08,21.157,21.891,vlm_inference
199.58,21.157,21.891,vlm_inference
200.08,21.157,21.891,vlm_inference
200.58,21.157,21.891,vlm_inference
201.08,21.157,21.891,vlm_inference
201.58,21.157,21.891,vlm_inference
202.08,21.157,21.891,vlm_inference
202.58,21.157,21.891,vlm_inference
203.08,21.157,21.891,vlm_inference
203.58,21.157,21.891,vlm_inference
203.64,21.157,21.891,vlm_inference
204.14,21.157,21.891,vlm_inference
204.64,21.157,21.891,vlm_inference
205.14,21.157,21.891,vlm_inference
205.64,21.157,21.891,vlm_inference
206.14,21.157,21.891,vlm_inference
206.64,21.157,21.891,vlm_inference
207.14,21.157,21.891,vlm_inference
207.64,21.157,21.891,vlm_inference
208.14,21.157,21.891,vlm_inference
208.65,21.157,21.891,vlm_inference
209.15,21.157,21.891,vlm_inference
209.65,21.157,21.891,vlm_inference
210.15,21.157,21.891,vlm_inference
210.65,21.157,21.891,vlm_inference
211.15,21.157,21.891,vlm_inference
211.65,21.157,21.891,vlm_inference
212.16,21.157,21.891,vlm_inference
212.66,21.157,21.891,vlm_inference
213.16,21.157,21.891,vlm_inference
213.66,21.157,21.891,vlm_inference
214.16,21.157,21.891,vlm_inference
214.66,21.157,21.891,vlm_inference
215.16,21.157,21.891,vlm_inference
215.66,21.157,21.891,vlm_inference
216.16,21.157,21.891,vlm_inference
216.67,21.157,21.891,vlm_inference
217.17,21.157,21.891,vlm_inference
217.67,21.157,21.891,vlm_inference
218.17,21.157,21.891,vlm_inference
218.67,21.157,21.891,vlm_inference
219.17,21.157,21.891,vlm_inference
219.67,21.157,21.891,vlm_inference
220.17,21.157,21.891,vlm_inference
220.67,21.157,21.891,vlm_inference
221.17,21.157,21.891,vlm_inference
221.67,21.157,21.891,vlm_inference
222.17,21.157,21.891,vlm_inference
222.67,21.157,21.891,vlm_inference
223.17,21.157,21.891,vlm_inference
223.67,21.157,21.891,vlm_inference
224.17,21.157,21.891,vlm_inference
224.67,21.157,21.891,vlm_inference
225.17,21.157,21.891,vlm_inference
225.67,21.157,21.891,vlm_inference
226.18,21.157,21.891,vlm_inference
226.68,21.157,21.891,vlm_inference
227.18,21.157,21.891,vlm_inference
227.68,21.157,21.891,vlm_inference
228.18,21.157,21.891,vlm_inference
228.68,21.157,21.891,vlm_inference
229.18,21.157,21.891,vlm_inference
229.68,21.157,21.891,vlm_inference
230.18,21.157,21.891,vlm_inference
230.68,21.157,21.891,vlm_inference
231.19,21.157,21.891,vlm_inference
231.69,21.157,21.891,vlm_inference
232.19,21.157,21.891,vlm_inference
232.69,21.157,21.891,vlm_inference
233.19,21.157,21.891,vlm_inference
233.7,21.157,21.891,vlm_inference
234.2,21.157,21.891,vlm_inference
234.7,21.157,21.891,vlm_inference
235.2,21.157,21.891,vlm_inference
235.7,21.157,21.891,vlm_inference
235.75,21.157,21.891,vlm_inference
236.25,21.157,21.891,vlm_inference
236.75,21.157,21.891,vlm_inference
237.25,21.157,21.891,vlm_inference
237.75,21.157,21.891,vlm_inference
238.25,21.157,21.891,vlm_inference
238.76,21.157,21.891,vlm_inference
239.26,21.157,21.891,vlm_inference
239.76,21.139,21.891,vlm_inference
240.26,21.137,21.893,vlm_inference
240.76,21.136,21.893,vlm_inference
241.26,21.136,21.893,vlm_inference
241.76,21.136,21.893,vlm_inference
242.26,21.136,21.893,vlm_inference
242.76,21.138,21.895,vlm_inference
243.27,21.137,21.895,vlm_inference
243.77,21.137,21.895,vlm_inference
244.27,21.137,21.895,vlm_inference
244.77,21.137,21.895,vlm_inference
245.27,21.137,21.895,vlm_inference
245.78,21.137,21.895,vlm_inference
246.28,21.137,21.895,vlm_inference
246.78,21.137,21.895,vlm_inference
247.28,21.137,21.895,vlm_inference
247.78,21.137,21.895,vlm_inference
248.29,21.137,21.895,vlm_inference
248.79,21.138,21.895,vlm_inference
249.29,21.138,21.895,vlm_inference
249.8,21.138,21.895,vlm_inference
250.3,21.138,21.895,vlm_inference
250.8,21.138,21.895,vlm_inference
251.3,21.138,21.895,vlm_inference
251.81,21.138,21.895,vlm_inference
252.31,21.138,21.895,vlm_inference
252.81,21.138,21.895,vlm_inference
253.31,21.138,21.895,vlm_inference
253.81,21.138,21.895,vlm_inference
254.31,21.138,21.895,vlm_inference
254.81,21.138,21.895,vlm_inference
255.31,21.138,21.895,vlm_inference
255.81,21.138,21.895,vlm_inference
256.31,21.138,21.895,vlm_inference
256.82,21.138,21.895,vlm_inference
257.32,21.138,21.895,vlm_inference
257.82,21.138,21.895,vlm_inference
258.32,21.138,21.895,vlm_inference
258.83,21.138,21.895,vlm_inference
259.33,21.138,21.895,vlm_inference
259.83,21.138,21.895,vlm_inference
260.33,21.14,21.896,vlm_inference
260.83,21.139,21.896,vlm_inference
261.34,21.139,21.896,vlm_inference
261.84,21.139,21.896,vlm_inference
262.34,21.139,21.896,vlm_inference
262.84,21.139,21.896,vlm_inference
263.34,21.139,21.896,vlm_inference
263.84,21.139,21.896,vlm_inference
264.34,21.139,21.896,vlm_inference
264.84,21.139,21.896,vlm_inference
265.35,21.138,21.896,vlm_inference
265.85,21.139,21.896,vlm_inference
266.36,21.14,21.896,vlm_inference
266.86,21.14,21.896,vlm_inference
267.36,21.14,21.896,vlm_inference
267.86,21.14,21.896,vlm_inference
267.91,21.14,21.896,vlm_inference
268.41,21.14,21.896,vlm_inference
268.91,21.14,21.896,vlm_inference
269.41,21.14,21.896,vlm_inference
269.91,21.14,21.896,vlm_inference
270.41,21.14,21.896,vlm_inference
270.91,21.14,21.896,vlm_inference
271.41,21.139,21.896,vlm_inference
271.91,21.14,21.896,vlm_inference
272.41,21.141,21.896,vlm_inference
272.92,21.141,21.896,vlm_inference
273.42,21.141,21.896,vlm_inference
273.92,21.141,21.896,vlm_inference
274.42,21.141,21.896,vlm_inference
274.92,21.141,21.896,vlm_inference
275.42,21.141,21.896,vlm_inference
275.93,21.14,21.896,vlm_inference
276.43,21.14,21.896,vlm_inference
276.93,21.14,21.896,vlm_inference
277.43,21.14,21.896,vlm_inference
277.93,21.14,21.896,vlm_inference
278.43,21.141,21.898,vlm_inference
278.94,21.141,21.898,vlm_inference
279.44,21.141,21.898,vlm_inference
279.94,21.141,21.898,vlm_inference
280.44,21.141,21.898,vlm_inference
280.94,21.141,21.898,vlm_inference
281.44,21.141,21.898,vlm_inference
281.94,21.141,21.898,vlm_inference
282.44,21.141,21.898,vlm_inference
282.95,21.141,21.898,vlm_inference
283.45,21.141,21.898,vlm_inference
283.96,21.141,21.898,vlm_inference
284.46,21.142,21.898,vlm_inference
284.96,21.142,21.898,vlm_inference
285.46,21.142,21.898,vlm_inference
285.96,21.142,21.898,vlm_inference
286.46,21.142,21.898,vlm_inference
286.96,21.142,21.898,vlm_inference
287.47,21.142,21.898,vlm_inference
287.97,21.142,21.898,vlm_inference
288.47,21.142,21.898,vlm_inference
288.97,21.142,21.898,vlm_inference
289.47,21.142,21.898,vlm_inference
289.97,21.143,21.898,vlm_inference
290.47,21.142,21.898,vlm_inference
290.97,21.142,21.898,vlm_inference
291.47,21.142,21.898,vlm_inference
291.97,21.142,21.898,vlm_inference
292.47,21.142,21.898,vlm_inference
292.97,21.142,21.898,vlm_inference
293.48,21.142,21.898,vlm_inference
293.98,21.142,21.898,vlm_inference
294.48,21.142,21.898,vlm_inference
294.98,21.143,21.898,vlm_inference
295.49,21.143,21.898,vlm_inference
295.99,21.144,21.9,vlm_inference
296.49,21.143,21.9,vlm_inference
296.99,21.143,21.9,vlm_inference
297.49,21.143,21.9,vlm_inference
297.99,21.143,21.9,vlm_inference
298.5,21.143,21.9,vlm_inference
299.0,21.143,21.9,vlm_inference
299.51,21.143,21.9,vlm_inference
300.01,21.143,21.9,vlm_inference
300.08,21.143,21.9,vlm_inference
300.58,21.143,21.9,vlm_inference
301.08,21.143,21.9,vlm_inference
301.58,21.144,21.9,vlm_inference
302.08,21.144,21.9,vlm_inference
302.58,21.144,21.9,vlm_inference
303.08,21.144,21.9,vlm_inference
303.59,21.144,21.9,vlm_inference
304.09,21.144,21.9,vlm_inference
304.59,21.144,21.9,vlm_inference
305.09,21.144,21.9,vlm_inference
305.59,21.144,21.9,vlm_inference
306.09,21.144,21.9,vlm_inference
306.59,21.144,21.9,vlm_inference
307.09,21.144,21.9,vlm_inference
307.6,21.145,21.9,vlm_inference
308.1,21.145,21.9,vlm_inference
308.6,21.145,21.9,vlm_inference
309.1,21.145,21.9,vlm_inference
309.6,21.145,21.9,vlm_inference
310.1,21.145,21.9,vlm_inference
310.6,21.145,21.9,vlm_inference
311.1,21.145,21.9,vlm_inference
311.6,21.145,21.9,vlm_inference
312.1,21.145,21.9,vlm_inference
312.6,21.145,21.9,vlm_inference
313.11,21.145,21.9,vlm_inference
313.61,21.145,21.902,vlm_inference
314.11,21.145,21.902,vlm_inference
314.61,21.145,21.902,vlm_inference
315.11,21.145,21.902,vlm_inference
315.61,21.145,21.902,vlm_inference
316.11,21.145,21.902,vlm_inference
316.61,21.145,21.902,vlm_inference
317.12,21.145,21.902,vlm_inference
317.62,21.145,21.902,vlm_inference
318.12,21.145,21.902,vlm_inference
318.62,21.145,21.902,vlm_inference
319.12,21.145,21.902,vlm_inference
319.62,21.146,21.902,vlm_inference
320.12,21.146,21.902,vlm_inference
320.62,21.146,21.902,vlm_inference
321.12,21.146,21.902,vlm_inference
321.62,21.146,21.902,vlm_inference
322.13,21.146,21.902,vlm_inference
322.63,21.146,21.902,vlm_inference
323.13,21.253,21.902,vlm_inference
323.63,21.295,21.902,vlm_inference
324.13,21.338,21.902,vlm_inference
324.63,21.368,21.902,vlm_inference
325.14,21.368,21.902,vlm_inference
325.64,21.368,21.902,vlm_inference
326.14,21.368,21.902,vlm_inference
326.64,21.368,21.902,vlm_inference
327.14,21.415,21.902,vlm_inference
327.64,21.368,21.902,vlm_inference
328.14,21.368,21.902,vlm_inference
328.64,21.415,21.902,vlm_inference
329.14,21.368,21.902,vlm_inference
329.64,21.368,21.902,vlm_inference
330.14,21.416,21.902,vlm_inference
330.64,21.37,21.902,vlm_inference
331.14,21.416,21.902,vlm_inference
331.64,21.415,21.902,vlm_inference
332.14,21.366,21.902,vlm_inference
332.2,21.416,21.902,vlm_inference
332.7,21.369,21.902,vlm_inference
333.2,21.368,21.902,vlm_inference
333.7,21.368,21.902,vlm_inference
334.2,21.368,21.902,vlm_inference
334.7,21.368,21.902,vlm_inference
335.2,21.368,21.902,vlm_inference
335.7,21.368,21.902,vlm_inference
336.2,21.368,21.902,vlm_inference
336.71,21.416,21.902,vlm_inference
337.21,21.368,21.902,vlm_inference
337.72,21.368,21.902,vlm_inference
338.22,21.368,21.902,vlm_inference
338.72,21.415,21.902,vlm_inference
339.22,21.37,21.902,vlm_inference
339.72,21.415,21.902,vlm_inference
340.22,21.368,21.902,vlm_inference
340.72,21.368,21.902,vlm_inference
341.22,21.368,21.902,vlm_inference
341.73,21.368,21.902,vlm_inference
342.23,21.403,21.902,vlm_inference
342.73,21.368,21.902,vlm_inference
343.23,21.416,21.902,vlm_inference
343.73,21.368,21.902,vlm_inference
344.23,21.368,21.902,vlm_inference
344.73,21.366,21.902,vlm_inference
345.23,21.368,21.902,vlm_inference
345.73,21.416,21.902,vlm_inference
346.23,21.368,21.902,vlm_inference
346.73,21.416,21.902,vlm_inference
347.23,21.368,21.902,vlm_inference
347.73,21.366,21.902,vlm_inference
348.23,21.366,21.902,vlm_inference
348.73,21.366,21.902,vlm_inference
